url,category,classement,published_date,full_title
https://www.amazon.fr/Garmin-Forerunner-255-Music-BK/dp/B0B2WY7TTH/ref=sr_1_11?dib=eyJ2IjoiMSJ9.I5Fahb2dOlZJBY4cxNl5Z9XILbvdabGUmcL1oH-2rrFSFOZY7PWARzVZyGLaw6Q5_Wdy_V4FlbEJpTbGNhQiyLzcDj36HoY2Zz283aWfo0x3ku83xrl5HKM3l65WOW8gUyKVDbCKPsBVYmpEu3Edo88b0-v7b04BfPxfEpewN_BvXJTvBZoMd6mYJiCNFpPq81CrbGwOBSR24mlXkuBTOsTOTswy9_7YkFuYa115ivEupcOHODd1L10-7qSw3rRYANYGcYk3gANZuIbSzjH6jCyQbubVu3afamaVnBueOXc.BW-4cGjht22OxNw9oFUC8wSsbS-0wFmbFVkzEVT-2g0&dib_tag=se&qid=1752243051&s=electronics&sr=1-11&srs=4551203031,Sports et Loisirs > › > Électronique > › > GPS > › > GPS de running,"['88 en Sports et Loisirs ( Voir les 100 premiers en Sports et Loisirs )', '2 en GPS de running']",15 juin 2022,"Garmin Forerunner 255, Music - Montre GPS Multisports connectée de Running – Noire – Boitier 46 mm"
https://www.amazon.fr/GoPro-HERO12-Black-Diffusion-stabilisation/dp/B0CF3VVTLG/ref=sr_1_9?dib=eyJ2IjoiMSJ9.I5Fahb2dOlZJBY4cxNl5Z9XILbvdabGUmcL1oH-2rrFSFOZY7PWARzVZyGLaw6Q5_Wdy_V4FlbEJpTbGNhQiyLzcDj36HoY2Zz283aWfo0x3ku83xrl5HKM3l65WOW8gUyKVDbCKPsBVYmpEu3Edo88b0-v7b04BfPxfEpewN_BvXJTvBZoMd6mYJiCNFpPq81CrbGwOBSR24mlXkuBTOsTOTswy9_7YkFuYa115ivEupcOHODd1L10-7qSw3rRYANYGcYk3gANZuIbSzjH6jCyQbubVu3afamaVnBueOXc.BW-4cGjht22OxNw9oFUC8wSsbS-0wFmbFVkzEVT-2g0&dib_tag=se&qid=1752243051&s=electronics&sr=1-9&srs=4551203031,High-Tech > › > Photo et caméscopes > › > Caméras embarquées,"['1\u202f426 en High-Tech ( Voir les 100 premiers en High-Tech )', '12 en Caméras embarquées']",6 septembre 2023,"GoPro HERO12 Black - Caméra d'action étanche avec vidéo Ultra HD 5.3K60, Photos 27MP, HDR, capteur d'image 1/1.9"", Diffusion en Direct, Webcam, stabilisation"
https://www.amazon.fr/Insta360-Pack-Essentiels-rempla%C3%A7ables-stabilisation/dp/B0DZCC9383/ref=sr_1_4?dib=eyJ2IjoiMSJ9.I5Fahb2dOlZJBY4cxNl5Z9XILbvdabGUmcL1oH-2rrFSFOZY7PWARzVZyGLaw6Q5_Wdy_V4FlbEJpTbGNhQiyLzcDj36HoY2Zz283aWfo0x3ku83xrl5HKM3l65WOW8gUyKVDbCKPsBVYmpEu3Edo88b0-v7b04BfPxfEpewN_BvXJTvBZoMd6mYJiCNFpPq81CrbGwOBSR24mlXkuBTOsTOTswy9_7YkFuYa115ivEupcOHODd1L10-7qSw3rRYANYGcYk3gANZuIbSzjH6jCyQbubVu3afamaVnBueOXc.BW-4cGjht22OxNw9oFUC8wSsbS-0wFmbFVkzEVT-2g0&dib_tag=se&qid=1752243051&s=electronics&sr=1-4&srs=4551203031,High-Tech > › > Photo et caméscopes > › > Caméras embarquées,"['1\u202f192 en High-Tech ( Voir les 100 premiers en High-Tech )', '9 en Caméras embarquées']",22 avril 2025,"Insta360 X5 Pack Essentiels - caméra d'action 360° 8K étanche, Basse lumière de Pointe, Perche à Selfie Invisible, objectifs Robustes et remplaçables, 3h d'autonomie, Pare-Vent intégré, stabilisation"
https://www.amazon.fr/SHOKZ-OpenSwimm%EF%BC%8C%C3%89couteur-Conduction-M%C3%A9moire%E3%80%90Non-Bluetooth%E3%80%91/dp/B09CGP8MVH/ref=sr_1_20?dib=eyJ2IjoiMSJ9.I5Fahb2dOlZJBY4cxNl5Z9XILbvdabGUmcL1oH-2rrFSFOZY7PWARzVZyGLaw6Q5_Wdy_V4FlbEJpTbGNhQiyLzcDj36HoY2Zz283aWfo0x3ku83xrl5HKM3l65WOW8gUyKVDbCKPsBVYmpEu3Edo88b0-v7b04BfPxfEpewN_BvXJTvBZoMd6mYJiCNFpPq81CrbGwOBSR24mlXkuBTOsTOTswy9_7YkFuYa115ivEupcOHODd1L10-7qSw3rRYANYGcYk3gANZuIbSzjH6jCyQbubVu3afamaVnBueOXc.BW-4cGjht22OxNw9oFUC8wSsbS-0wFmbFVkzEVT-2g0&dib_tag=se&qid=1752243051&s=electronics&sr=1-20&srs=4551203031,Sports et Loisirs > › > Électronique > › > Lecteurs MP3 étanches,"['241 en Sports et Loisirs ( Voir les 100 premiers en Sports et Loisirs )', '2 en Lecteurs MP3 étanches de natation']",9 juin 2023,"SHOKZ OpenSwim Casque à Conduction osseuse, Lecteur MP3 de Natation étanche IP68, écouteurs de Sport Oreilles Libres avec 4 GB de mémoire, 8H d'autonomie, Bouchons d'oreilles (sans Bluetooth), Noir"
https://www.amazon.fr/DJI-Standard-saisissantes-Couleurs-prolong%C3%A9e/dp/B0C783YNW7/ref=sr_1_15?dib=eyJ2IjoiMSJ9.I5Fahb2dOlZJBY4cxNl5Z9XILbvdabGUmcL1oH-2rrFSFOZY7PWARzVZyGLaw6Q5_Wdy_V4FlbEJpTbGNhQiyLzcDj36HoY2Zz283aWfo0x3ku83xrl5HKM3l65WOW8gUyKVDbCKPsBVYmpEu3Edo88b0-v7b04BfPxfEpewN_BvXJTvBZoMd6mYJiCNFpPq81CrbGwOBSR24mlXkuBTOsTOTswy9_7YkFuYa115ivEupcOHODd1L10-7qSw3rRYANYGcYk3gANZuIbSzjH6jCyQbubVu3afamaVnBueOXc.BW-4cGjht22OxNw9oFUC8wSsbS-0wFmbFVkzEVT-2g0&dib_tag=se&qid=1752243051&s=electronics&sr=1-15&srs=4551203031,High-Tech > › > Photo et caméscopes > › > Caméras embarquées,"['848 en High-Tech ( Voir les 100 premiers en High-Tech )', '7 en Caméras embarquées']",2 août 2023,"DJI Bundle Osmo Action 4 Standard - Caméra d’Action étanche 4K/120 IPS avec capteur 1/1,3 Pouce, des Images saisissantes en Basse lumière, des Couleurs D-Log M 10 Bits, Batterie 1 770 mAh prolongée"
https://www.amazon.fr/DJI-Bundle-Osmo-Action-Essentiel/dp/B0DS2B3P2B/ref=sr_1_10?dib=eyJ2IjoiMSJ9.I5Fahb2dOlZJBY4cxNl5Z9XILbvdabGUmcL1oH-2rrFSFOZY7PWARzVZyGLaw6Q5_Wdy_V4FlbEJpTbGNhQiyLzcDj36HoY2Zz283aWfo0x3ku83xrl5HKM3l65WOW8gUyKVDbCKPsBVYmpEu3Edo88b0-v7b04BfPxfEpewN_BvXJTvBZoMd6mYJiCNFpPq81CrbGwOBSR24mlXkuBTOsTOTswy9_7YkFuYa115ivEupcOHODd1L10-7qSw3rRYANYGcYk3gANZuIbSzjH6jCyQbubVu3afamaVnBueOXc.BW-4cGjht22OxNw9oFUC8wSsbS-0wFmbFVkzEVT-2g0&dib_tag=se&qid=1752243051&s=electronics&sr=1-10&srs=4551203031,High-Tech > › > Photo et caméscopes > › > Caméras embarquées,"['811 en High-Tech ( Voir les 100 premiers en High-Tech )', '4 en Caméras embarquées']",24 février 2025,"DJI Bundle Osmo Action 4 Essentiel - Caméra d’Action étanche 4K/120 IPS avec capteur 1/1,3 Pouce, des Images saisissantes en Basse lumière, des Couleurs D-Log M 10 Bits, Batterie 1 770 mAh prolongée"
https://www.amazon.fr/Insta360-X4-prot%C3%A8ge-objectifs-dautonomie-stabilisation/dp/B0CXPWMZQS/ref=sr_1_21?dib=eyJ2IjoiMSJ9.I5Fahb2dOlZJBY4cxNl5Z9XILbvdabGUmcL1oH-2rrFSFOZY7PWARzVZyGLaw6Q5_Wdy_V4FlbEJpTbGNhQiyLzcDj36HoY2Zz283aWfo0x3ku83xrl5HKM3l65WOW8gUyKVDbCKPsBVYmpEu3Edo88b0-v7b04BfPxfEpewN_BvXJTvBZoMd6mYJiCNFpPq81CrbGwOBSR24mlXkuBTOsTOTswy9_7YkFuYa115ivEupcOHODd1L10-7qSw3rRYANYGcYk3gANZuIbSzjH6jCyQbubVu3afamaVnBueOXc.BW-4cGjht22OxNw9oFUC8wSsbS-0wFmbFVkzEVT-2g0&dib_tag=se&qid=1752243051&s=electronics&sr=1-21&srs=4551203031,High-Tech > › > Photo et caméscopes > › > Caméras embarquées,"['2\u202f426 en High-Tech ( Voir les 100 premiers en High-Tech )', '17 en Caméras embarquées']",18 mars 2024,"Insta360 X4 - Caméra d'action 360° 8K étanche, vidéo grand angle 4K, effet de perche à selfie invisible, protège-objectifs amovibles, 135 min d'autonomie, édition IA, stabilisation, pour sport, voyage"
https://www.amazon.fr/Ecouteurs-Bluetooth-kauguo-Oreillette-R%C3%A9duction/dp/B0F18447DY/ref=sr_1_16?dib=eyJ2IjoiMSJ9.I5Fahb2dOlZJBY4cxNl5Z9XILbvdabGUmcL1oH-2rrFSFOZY7PWARzVZyGLaw6Q5_Wdy_V4FlbEJpTbGNhQiyLzcDj36HoY2Zz283aWfo0x3ku83xrl5HKM3l65WOW8gUyKVDbCKPsBVYmpEu3Edo88b0-v7b04BfPxfEpewN_BvXJTvBZoMd6mYJiCNFpPq81CrbGwOBSR24mlXkuBTOsTOTswy9_7YkFuYa115ivEupcOHODd1L10-7qSw3rRYANYGcYk3gANZuIbSzjH6jCyQbubVu3afamaVnBueOXc.BW-4cGjht22OxNw9oFUC8wSsbS-0wFmbFVkzEVT-2g0&dib_tag=se&qid=1752243051&s=electronics&sr=1-16&srs=4551203031,"High-Tech > › > Casques, écouteurs et accessoires > › > Casques et écouteurs","['729 en High-Tech ( Voir les 100 premiers en High-Tech )', '76 en Casques et écouteurs']",12 mars 2025,"Ecouteurs Bluetooth sans Fil, kauguo Oreillette Bluetooth 5.4 avec 4 ENC Réduction Antibruit Casque HiFi Stéréo Basses 42H Durée Écran LED Écouteurs sans Fil IPX6 Étanche Sport pour iOS Android, Blanc"
https://www.amazon.fr/Insta360-Invisible-rempla%C3%A7ables-dautonomie-stabilisation/dp/B0DZCBYCNY/ref=sr_1_6?dib=eyJ2IjoiMSJ9.I5Fahb2dOlZJBY4cxNl5Z9XILbvdabGUmcL1oH-2rrFSFOZY7PWARzVZyGLaw6Q5_Wdy_V4FlbEJpTbGNhQiyLzcDj36HoY2Zz283aWfo0x3ku83xrl5HKM3l65WOW8gUyKVDbCKPsBVYmpEu3Edo88b0-v7b04BfPxfEpewN_BvXJTvBZoMd6mYJiCNFpPq81CrbGwOBSR24mlXkuBTOsTOTswy9_7YkFuYa115ivEupcOHODd1L10-7qSw3rRYANYGcYk3gANZuIbSzjH6jCyQbubVu3afamaVnBueOXc.BW-4cGjht22OxNw9oFUC8wSsbS-0wFmbFVkzEVT-2g0&dib_tag=se&qid=1752243051&s=electronics&sr=1-6&srs=4551203031,High-Tech > › > Photo et caméscopes > › > Caméras embarquées,"['1\u202f170 en High-Tech ( Voir les 100 premiers en High-Tech )', '8 en Caméras embarquées']",22 avril 2025,"Insta360 X5 - caméra d'action 360° 8K étanche, Basse lumière de Pointe, Perche à Selfie Invisible, objectifs Robustes et remplaçables, 3h d'autonomie, Pare-Vent intégré, stabilisation, Triple Puce IA"
https://www.amazon.fr/Garmin-Forerunner-multi-activit%C3%A9s-fonctions-dentrainement/dp/B0953X73TP/ref=sr_1_5?dib=eyJ2IjoiMSJ9.I5Fahb2dOlZJBY4cxNl5Z9XILbvdabGUmcL1oH-2rrFSFOZY7PWARzVZyGLaw6Q5_Wdy_V4FlbEJpTbGNhQiyLzcDj36HoY2Zz283aWfo0x3ku83xrl5HKM3l65WOW8gUyKVDbCKPsBVYmpEu3Edo88b0-v7b04BfPxfEpewN_BvXJTvBZoMd6mYJiCNFpPq81CrbGwOBSR24mlXkuBTOsTOTswy9_7YkFuYa115ivEupcOHODd1L10-7qSw3rRYANYGcYk3gANZuIbSzjH6jCyQbubVu3afamaVnBueOXc.BW-4cGjht22OxNw9oFUC8wSsbS-0wFmbFVkzEVT-2g0&dib_tag=se&qid=1752243051&s=electronics&sr=1-5&srs=4551203031,Sports et Loisirs > › > Électronique > › > GPS > › > GPS de running,"['36 en Sports et Loisirs ( Voir les 100 premiers en Sports et Loisirs )', '1 en GPS de running']",16 juin 2021,"Garmin – Forerunner 55 - Montre GPS multi-activités running avec fonctions d’entrainement Garmin Coach et cardio au poignet – Noire, TU EU"
https://www.amazon.fr/Garmin-Forerunner-multi-activit%C3%A9s-fonctions-dentrainement/dp/B0953XKD13/ref=sr_1_12?dib=eyJ2IjoiMSJ9.I5Fahb2dOlZJBY4cxNl5Z9XILbvdabGUmcL1oH-2rrFSFOZY7PWARzVZyGLaw6Q5_Wdy_V4FlbEJpTbGNhQiyLzcDj36HoY2Zz283aWfo0x3ku83xrl5HKM3l65WOW8gUyKVDbCKPsBVYmpEu3Edo88b0-v7b04BfPxfEpewN_BvXJTvBZoMd6mYJiCNFpPq81CrbGwOBSR24mlXkuBTOsTOTswy9_7YkFuYa115ivEupcOHODd1L10-7qSw3rRYANYGcYk3gANZuIbSzjH6jCyQbubVu3afamaVnBueOXc.BW-4cGjht22OxNw9oFUC8wSsbS-0wFmbFVkzEVT-2g0&dib_tag=se&qid=1752243051&s=electronics&sr=1-12&srs=4551203031,Sports et Loisirs > › > Électronique > › > GPS > › > GPS de running,"['36 en Sports et Loisirs ( Voir les 100 premiers en Sports et Loisirs )', '1 en GPS de running']",16 juin 2021,"Garmin – Forerunner 55 - Montre GPS multi-activités running avec fonctions d’entrainement Garmin Coach et cardio au poignet – Blanche, Whitestone"
https://www.amazon.fr/Garmin-GPS-Forerunner-255-Bleu/dp/B0B553HT2B/ref=sr_1_7?dib=eyJ2IjoiMSJ9.I5Fahb2dOlZJBY4cxNl5Z9XILbvdabGUmcL1oH-2rrFSFOZY7PWARzVZyGLaw6Q5_Wdy_V4FlbEJpTbGNhQiyLzcDj36HoY2Zz283aWfo0x3ku83xrl5HKM3l65WOW8gUyKVDbCKPsBVYmpEu3Edo88b0-v7b04BfPxfEpewN_BvXJTvBZoMd6mYJiCNFpPq81CrbGwOBSR24mlXkuBTOsTOTswy9_7YkFuYa115ivEupcOHODd1L10-7qSw3rRYANYGcYk3gANZuIbSzjH6jCyQbubVu3afamaVnBueOXc.BW-4cGjht22OxNw9oFUC8wSsbS-0wFmbFVkzEVT-2g0&dib_tag=se&qid=1752243051&s=electronics&sr=1-7&srs=4551203031,Sports et Loisirs > › > Électronique > › > GPS > › > GPS de running,"['87 en Sports et Loisirs ( Voir les 100 premiers en Sports et Loisirs )', '2 en GPS de running']",1 avril 2023,"Garmin Forerunner 255 – GPS-Laufuhr mit individuellen Trainingsplänen, speziellen Lauffunktionen und detaillierter Trainingsanalyse. 1,1“ & 1,3"" Farbdisplay, Akkulaufzeit bis zu 14 Tage"
https://www.amazon.fr/DJI-Cr%C3%A9ateur-Vlogging-Stabilisation-Photographie/dp/B0CG19FGQ5/ref=sr_1_2?dib=eyJ2IjoiMSJ9.I5Fahb2dOlZJBY4cxNl5Z9XILbvdabGUmcL1oH-2rrFSFOZY7PWARzVZyGLaw6Q5_Wdy_V4FlbEJpTbGNhQiyLzcDj36HoY2Zz283aWfo0x3ku83xrl5HKM3l65WOW8gUyKVDbCKPsBVYmpEu3Edo88b0-v7b04BfPxfEpewN_BvXJTvBZoMd6mYJiCNFpPq81CrbGwOBSR24mlXkuBTOsTOTswy9_7YkFuYa115ivEupcOHODd1L10-7qSw3rRYANYGcYk3gANZuIbSzjH6jCyQbubVu3afamaVnBueOXc.BW-4cGjht22OxNw9oFUC8wSsbS-0wFmbFVkzEVT-2g0&dib_tag=se&qid=1752243051&s=electronics&sr=1-2&srs=4551203031,High-Tech > › > Photo et caméscopes > › > Caméras embarquées,"['586 en High-Tech ( Voir les 100 premiers en High-Tech )', '3 en Caméras embarquées']",25 octobre 2023,"DJI Osmo Pocket 3 Créateur Bundle, camera vlog CMOS 1'' et Vidéo 4K/120 ips, digital et petite, Stabilisation à 3 axes, Suivi Facial/Objet, MAP rapide, avec Micro pour un Son net"
https://www.amazon.fr/DJI-Essentiel-%C3%89tanche-Capteur-Stabilisation/dp/B0DS2DF5S5/ref=sr_1_1?dib=eyJ2IjoiMSJ9.I5Fahb2dOlZJBY4cxNl5Z9XILbvdabGUmcL1oH-2rrFSFOZY7PWARzVZyGLaw6Q5_Wdy_V4FlbEJpTbGNhQiyLzcDj36HoY2Zz283aWfo0x3ku83xrl5HKM3l65WOW8gUyKVDbCKPsBVYmpEu3Edo88b0-v7b04BfPxfEpewN_BvXJTvBZoMd6mYJiCNFpPq81CrbGwOBSR24mlXkuBTOsTOTswy9_7YkFuYa115ivEupcOHODd1L10-7qSw3rRYANYGcYk3gANZuIbSzjH6jCyQbubVu3afamaVnBueOXc.BW-4cGjht22OxNw9oFUC8wSsbS-0wFmbFVkzEVT-2g0&dib_tag=se&qid=1752243051&s=electronics&sr=1-1&srs=4551203031,High-Tech > › > Photo et caméscopes > › > Appareils photo et caméras étanche > › > Caméras étanches,"['230 en High-Tech ( Voir les 100 premiers en High-Tech )', '1 en Caméras embarquées', '1 en Caméras étanches']",24 février 2025,"DJI Bundle Essentiel Osmo Action 5 Pro, Caméra Étanche avec Capteur 1/1,3"", Vidéo 4K/120 IPS, Suivi de Sujet, Stabilisation, Double Écran Tactile OLED, Caméra d’Action 4K Idéale pour Sports, Vlog"
https://www.amazon.fr/Ecouteurs-Bluetooth-%C3%89couteur-Antibruit-Oreillette/dp/B0BYD8F9W7/ref=sr_1_22?dib=eyJ2IjoiMSJ9.I5Fahb2dOlZJBY4cxNl5Z9XILbvdabGUmcL1oH-2rrFSFOZY7PWARzVZyGLaw6Q5_Wdy_V4FlbEJpTbGNhQiyLzcDj36HoY2Zz283aWfo0x3ku83xrl5HKM3l65WOW8gUyKVDbCKPsBVYmpEu3Edo88b0-v7b04BfPxfEpewN_BvXJTvBZoMd6mYJiCNFpPq81CrbGwOBSR24mlXkuBTOsTOTswy9_7YkFuYa115ivEupcOHODd1L10-7qSw3rRYANYGcYk3gANZuIbSzjH6jCyQbubVu3afamaVnBueOXc.BW-4cGjht22OxNw9oFUC8wSsbS-0wFmbFVkzEVT-2g0&dib_tag=se&qid=1752243051&s=electronics&sr=1-22&srs=4551203031,"High-Tech > › > Casques, écouteurs et accessoires > › > Casques et écouteurs","['628 en High-Tech ( Voir les 100 premiers en High-Tech )', '64 en Casques et écouteurs']",14 mars 2023,"Écouteurs Bluetooth 5.3, Écouteur sans Fil avec 4 ENC Réduction Antibruit Mic Casque Bluetooth Hi-FI Son Stéréo, 36 Heures Durée de Lecture, IP7 Etanche, Écran LED, Contrôle Tactile"
https://www.amazon.fr/OMRON-Tensiom%C3%A8tre-Poignet-pr%C3%A9cision-cliniquement/dp/B07LGVPVPJ/ref=sr_1_13?dib=eyJ2IjoiMSJ9.I5Fahb2dOlZJBY4cxNl5Z9XILbvdabGUmcL1oH-2rrFSFOZY7PWARzVZyGLaw6Q5_Wdy_V4FlbEJpTbGNhQiyLzcDj36HoY2Zz283aWfo0x3ku83xrl5HKM3l65WOW8gUyKVDbCKPsBVYmpEu3Edo88b0-v7b04BfPxfEpewN_BvXJTvBZoMd6mYJiCNFpPq81CrbGwOBSR24mlXkuBTOsTOTswy9_7YkFuYa115ivEupcOHODd1L10-7qSw3rRYANYGcYk3gANZuIbSzjH6jCyQbubVu3afamaVnBueOXc.BW-4cGjht22OxNw9oFUC8wSsbS-0wFmbFVkzEVT-2g0&dib_tag=se&qid=1752243051&s=electronics&sr=1-13&srs=4551203031,Hygiène et Santé > › > Matériel et fournitures médicales > › > Diagnostic et suivi de l'état de santé > › > Tensiomètres,"['924 en Hygiène et Santé ( Voir les 100 premiers en Hygiène et Santé )', '8 en Tensiomètres (Hygiène et Santé)']",20 décembre 2018,"OMRON RS1 Tensiomètre automatique au poignet pour un usage domestique ou en déplacement – Validé cliniquement, tensiomètre avec brassard préformé 13,5 – 21,5 cm, guide d'enveloppement du brassard"
https://www.amazon.fr/Anker-SoundCore-2_Enceinte-Bluetooth-puissantes/dp/B01MTB55WH/ref=sr_1_23?dib=eyJ2IjoiMSJ9.I5Fahb2dOlZJBY4cxNl5Z9XILbvdabGUmcL1oH-2rrFSFOZY7PWARzVZyGLaw6Q5_Wdy_V4FlbEJpTbGNhQiyLzcDj36HoY2Zz283aWfo0x3ku83xrl5HKM3l65WOW8gUyKVDbCKPsBVYmpEu3Edo88b0-v7b04BfPxfEpewN_BvXJTvBZoMd6mYJiCNFpPq81CrbGwOBSR24mlXkuBTOsTOTswy9_7YkFuYa115ivEupcOHODd1L10-7qSw3rRYANYGcYk3gANZuIbSzjH6jCyQbubVu3afamaVnBueOXc.BW-4cGjht22OxNw9oFUC8wSsbS-0wFmbFVkzEVT-2g0&dib_tag=se&qid=1752243051&s=electronics&sr=1-23&srs=4551203031,High-Tech > › > Audio et vidéo portable > › > Accessoires > › > Enceintes portables et stations d'accueil > › > Enceintes portables Bluetooth,"['663 en High-Tech ( Voir les 100 premiers en High-Tech )', '17 en Enceintes Bluetooth portables']",6 février 2017,"Anker soundcore 2 Enceinte Bluetooth, Enceinte Bluetooth Puissante sans Fil avec Basses Puissantes, Autonomie de 24 Heures, Porté de 20 m, Etanche Waterproof IPX7 et Microphone Intégré"
https://www.amazon.fr/Ecouteurs-Bluetooth-R%C3%A9duction-Ajustement-Confortable/dp/B0CCDNJS75/ref=sr_1_17?dib=eyJ2IjoiMSJ9.I5Fahb2dOlZJBY4cxNl5Z9XILbvdabGUmcL1oH-2rrFSFOZY7PWARzVZyGLaw6Q5_Wdy_V4FlbEJpTbGNhQiyLzcDj36HoY2Zz283aWfo0x3ku83xrl5HKM3l65WOW8gUyKVDbCKPsBVYmpEu3Edo88b0-v7b04BfPxfEpewN_BvXJTvBZoMd6mYJiCNFpPq81CrbGwOBSR24mlXkuBTOsTOTswy9_7YkFuYa115ivEupcOHODd1L10-7qSw3rRYANYGcYk3gANZuIbSzjH6jCyQbubVu3afamaVnBueOXc.BW-4cGjht22OxNw9oFUC8wSsbS-0wFmbFVkzEVT-2g0&dib_tag=se&qid=1752243051&s=electronics&sr=1-17&srs=4551203031,"High-Tech > › > Casques, écouteurs et accessoires > › > Casques et écouteurs > › > Écouteurs intra-auriculaires","['454 en High-Tech ( Voir les 100 premiers en High-Tech )', '17 en Écouteurs intra-auriculaires']",20 juillet 2023,"Ecouteurs Bluetooth sans Fil, Écouteurs Bluetooth 5.3, 50 Heures Contrôle Tactile, 4 ENC Appel Réduction Antibruit Mic, Basses Profondes, Ajustement Confortable, IPX7 Étanche Casque（Noir）"
https://www.amazon.fr/DJI-Standard-%C3%89tanche-Capteur-Stabilisation/dp/B0D1YH4B2R/ref=sr_1_3?dib=eyJ2IjoiMSJ9.I5Fahb2dOlZJBY4cxNl5Z9XILbvdabGUmcL1oH-2rrFSFOZY7PWARzVZyGLaw6Q5_Wdy_V4FlbEJpTbGNhQiyLzcDj36HoY2Zz283aWfo0x3ku83xrl5HKM3l65WOW8gUyKVDbCKPsBVYmpEu3Edo88b0-v7b04BfPxfEpewN_BvXJTvBZoMd6mYJiCNFpPq81CrbGwOBSR24mlXkuBTOsTOTswy9_7YkFuYa115ivEupcOHODd1L10-7qSw3rRYANYGcYk3gANZuIbSzjH6jCyQbubVu3afamaVnBueOXc.BW-4cGjht22OxNw9oFUC8wSsbS-0wFmbFVkzEVT-2g0&dib_tag=se&qid=1752243051&s=electronics&sr=1-3&srs=4551203031,High-Tech > › > Photo et caméscopes > › > Caméras embarquées,"['328 en High-Tech ( Voir les 100 premiers en High-Tech )', '2 en Caméras embarquées']",19 septembre 2024,"DJI Bundle Standard Osmo Action 5 Pro, Caméra Étanche avec Capteur 1/1,3"", Vidéo 4K/120 IPS, Suivi de Sujet, Stabilisation, Double Écran Tactile OLED, Caméra d’Action 4K Idéale pour Sports, Vlog"
https://www.amazon.fr/AKASO-M%C3%A9moire-microSDXC-Stabilisation-T%C3%A9l%C3%A9commande/dp/B0C5DH85FH/ref=sr_1_18?dib=eyJ2IjoiMSJ9.I5Fahb2dOlZJBY4cxNl5Z9XILbvdabGUmcL1oH-2rrFSFOZY7PWARzVZyGLaw6Q5_Wdy_V4FlbEJpTbGNhQiyLzcDj36HoY2Zz283aWfo0x3ku83xrl5HKM3l65WOW8gUyKVDbCKPsBVYmpEu3Edo88b0-v7b04BfPxfEpewN_BvXJTvBZoMd6mYJiCNFpPq81CrbGwOBSR24mlXkuBTOsTOTswy9_7YkFuYa115ivEupcOHODd1L10-7qSw3rRYANYGcYk3gANZuIbSzjH6jCyQbubVu3afamaVnBueOXc.BW-4cGjht22OxNw9oFUC8wSsbS-0wFmbFVkzEVT-2g0&dib_tag=se&qid=1752243051&s=electronics&sr=1-18&srs=4551203031,High-Tech > › > Photo et caméscopes > › > Caméras embarquées,"['168 en Climate Pledge Friendly ( Voir les 100 premiers en Climate Pledge Friendly )', '6 en Caméras embarquées', '168 en Climate Pledge Friendly: Achetez tout']",3 août 2023,"AKASO EK7000 Caméra Sport 4K 30fps 20MP WiFi avec Carte Mémoire microSDXC 64 Go, Action Camera 4k Étanche jusqu'à 30M avec Stabilisation Grand Angle de 170° Télécommande 2.4G"
https://www.amazon.fr/Garmin-GPS-Forerunner-255-Gris/dp/B0B46N7QQL/ref=sr_1_8?dib=eyJ2IjoiMSJ9.I5Fahb2dOlZJBY4cxNl5Z9XILbvdabGUmcL1oH-2rrFSFOZY7PWARzVZyGLaw6Q5_Wdy_V4FlbEJpTbGNhQiyLzcDj36HoY2Zz283aWfo0x3ku83xrl5HKM3l65WOW8gUyKVDbCKPsBVYmpEu3Edo88b0-v7b04BfPxfEpewN_BvXJTvBZoMd6mYJiCNFpPq81CrbGwOBSR24mlXkuBTOsTOTswy9_7YkFuYa115ivEupcOHODd1L10-7qSw3rRYANYGcYk3gANZuIbSzjH6jCyQbubVu3afamaVnBueOXc.BW-4cGjht22OxNw9oFUC8wSsbS-0wFmbFVkzEVT-2g0&dib_tag=se&qid=1752243051&s=electronics&sr=1-8&srs=4551203031,Sports et Loisirs > › > Électronique > › > Trackers d'activité,"['88 en Sports et Loisirs ( Voir les 100 premiers en Sports et Loisirs )', ""11 en Trackers d'activité""]",1 avril 2023,Garmin Forerunner 255 - Montre GPS Multisports connectée de Running – Gray - Boîtier 46 mm
https://www.amazon.fr/Cam%C3%A9ra-Sport-Etanche-WiFi-Stabilisateur/dp/B07RHHWNK9/ref=sr_1_24?dib=eyJ2IjoiMSJ9.I5Fahb2dOlZJBY4cxNl5Z9XILbvdabGUmcL1oH-2rrFSFOZY7PWARzVZyGLaw6Q5_Wdy_V4FlbEJpTbGNhQiyLzcDj36HoY2Zz283aWfo0x3ku83xrl5HKM3l65WOW8gUyKVDbCKPsBVYmpEu3Edo88b0-v7b04BfPxfEpewN_BvXJTvBZoMd6mYJiCNFpPq81CrbGwOBSR24mlXkuBTOsTOTswy9_7YkFuYa115ivEupcOHODd1L10-7qSw3rRYANYGcYk3gANZuIbSzjH6jCyQbubVu3afamaVnBueOXc.BW-4cGjht22OxNw9oFUC8wSsbS-0wFmbFVkzEVT-2g0&dib_tag=se&qid=1752243051&s=electronics&sr=1-24&srs=4551203031,High-Tech > › > Photo et caméscopes > › > Caméras embarquées,"['576 en Climate Pledge Friendly ( Voir les 100 premiers en Climate Pledge Friendly )', '5 en Caméras embarquées', '576 en Climate Pledge Friendly: Achetez tout']",21 juillet 2019,AKASO Caméra Sport 4K Etanche WiFi Action Caméra Sportive Ultra Full HD Stabilisateur avec Télécommande Écran Tactile 30fps Angle Réglable 131 Pieds sous Marine 2 Batteries Kit d'Accessoires – V50X
https://www.amazon.fr/Weenect-Chat-XS-Fonctionne-abonnement/dp/B0CHMZCYZC/ref=sr_1_19?dib=eyJ2IjoiMSJ9.I5Fahb2dOlZJBY4cxNl5Z9XILbvdabGUmcL1oH-2rrFSFOZY7PWARzVZyGLaw6Q5_Wdy_V4FlbEJpTbGNhQiyLzcDj36HoY2Zz283aWfo0x3ku83xrl5HKM3l65WOW8gUyKVDbCKPsBVYmpEu3Edo88b0-v7b04BfPxfEpewN_BvXJTvBZoMd6mYJiCNFpPq81CrbGwOBSR24mlXkuBTOsTOTswy9_7YkFuYa115ivEupcOHODd1L10-7qSw3rRYANYGcYk3gANZuIbSzjH6jCyQbubVu3afamaVnBueOXc.BW-4cGjht22OxNw9oFUC8wSsbS-0wFmbFVkzEVT-2g0&dib_tag=se&qid=1752243051&s=electronics&sr=1-19&srs=4551203031,"Animalerie > › > Chiens > › > Colliers, harnais et laisses > › > Traqueurs","['169 en Animalerie ( Voir les 100 premiers en Animalerie )', '1 en Traqueurs pour animaux']",30 septembre 2023,Weenect Chat XS - Nouveau Collier GPS pour Chat | Mini Traceur GPS Chat en Temps réel | Plus Petit modèle du marché | Fonctionne avec abonnement | Collier Inclus | Garantie à Vie
https://www.amazon.fr/Garmin-Forerunner-255-Music-wh/dp/B0B3S49R32/ref=sr_1_14?dib=eyJ2IjoiMSJ9.I5Fahb2dOlZJBY4cxNl5Z9XILbvdabGUmcL1oH-2rrFSFOZY7PWARzVZyGLaw6Q5_Wdy_V4FlbEJpTbGNhQiyLzcDj36HoY2Zz283aWfo0x3ku83xrl5HKM3l65WOW8gUyKVDbCKPsBVYmpEu3Edo88b0-v7b04BfPxfEpewN_BvXJTvBZoMd6mYJiCNFpPq81CrbGwOBSR24mlXkuBTOsTOTswy9_7YkFuYa115ivEupcOHODd1L10-7qSw3rRYANYGcYk3gANZuIbSzjH6jCyQbubVu3afamaVnBueOXc.BW-4cGjht22OxNw9oFUC8wSsbS-0wFmbFVkzEVT-2g0&dib_tag=se&qid=1752243051&s=electronics&sr=1-14&srs=4551203031,Mode > › > Homme > › > Montres > › > Montres bracelet,"['88 en Sports et Loisirs ( Voir les 100 premiers en Sports et Loisirs )', '11 en Électronique sportive', '28 en Montres bracelet pour homme']",14 juin 2022,"Garmin Forerunner 255, Music - Montre GPS Multisports connectée de Running – Blanche – Boîtier 46 mm"
